{"cameraMode":{"drawMode":0,"name":"Shaded","section":"Shading Mode"},"sceneLighting":true,"audioPlay":false,"sceneViewState":{"showFog":true,"showMaterialUpdate":false,"showSkybox":true,"showFlares":true,"showImageEffects":true,"showParticleSystems":true},"in2DMode":false,"pivot":{"x":1.0567841529846192,"y":-0.2563052177429199,"z":0.13840866088867188},"rotation":{"x":-0.09301170706748963,"y":0.05880589783191681,"z":-0.005503108724951744,"w":-0.9939119815826416},"size":15.681644439697266,"orthographic":false}